year,result
dec,7.545046
nov,10.135136
oct,10.022523
sept,8.783785
august,10.022523
july,5.067568
june,7.8828835
may,6.7567577
april,10.135136
march,9.00901
feb,7.8828835
jan,6.7567577
